"ano","mes","total_pedidos","pedidos_concluidos","taxa_conclusao_percentual"
2021,1,75027,71773,95.66289
2021,2,72915,69653,95.52630
2021,3,112223,107232,95.55261
2021,4,108834,103362,94.97216
